axleNumber,TrainModel,VerticalVibratrion,CrackSizeVertical,repairmentAxle,HoraizontalVibratoin,CrackSizeHoraizontal,repairmentWheel
108530,Comeng,1.6,0.01,FALSE,0.001,0,DoNot
103900,SiemensNexas,1.8,0.01,FALSE,0.02,0.05,DoNot
107925,XTrapolis100,1.8,0.02,FALSE,0.2,0.2,DoNot
104081,HCMT,1.9,0.1,FALSE,0.37,0.25,DoNot
100745,Sprinter,1.95,0.14,FALSE,0.5,0.27,DoNot
102071,IEV,2,0.2,FALSE,0.7,0.35,Do
103237,IEV,2,0.3,FALSE,0.9,0.4,Do
102988,IEV,2.2,0.4,TRUE,1.3,0.45,Do
108963,Comeng,2.25,0.4,TRUE,1.6,0.47,Do
109710,Comeng,2.45,0.5,TRUE,1.8,0.5,Do
102385,IEV,2.75,0.5,TRUE,0.3736,0.14,DoNot
104478,HCMT,1.9019,0.17,FALSE,1.3395,0.27,DoNot
109859,Comeng,2.4064,0.4,TRUE,1.0799,0.2,DoNot
103574,IEV,2.7236,0.57,TRUE,0.6701,0.43,Do
102995,IEV,2.5158,0.6,TRUE,1.0574,0.34,Do
103397,IEV,2.4387,0.41,TRUE,1.0464,0.44,Do
103012,IEV,2.5876,0.54,TRUE,0.7717,0.48,Do
108812,Comeng,2.7051,0.58,TRUE,0.9594,0.15,DoNot
106219,HCMT,2.356,0.48,TRUE,1.1965,0.47,Do
102730,IEV,2.3095,NA,TRUE,0.9348,0.46,Do
102759,IEV,2.0469,0.32,TRUE,1.7474,0.26,DoNot
109884,Comeng,2.2819,0.41,TRUE,1.6908,0.41,Do
105742,HCMT,2.0015,0.32,TRUE,1.1387,0.47,Do
109587,Comeng,2.7312,0.58,TRUE,0.8706,0.43,Do
108014,NA,NA,0.58,TRUE,1.3907,0.31,Do
100777,Sprinter,2.2557,0.42,TRUE,1.3147,0.42,Do
107891,HCMT,1.7476,0.02,FALSE,0.1902,0.43,Do
102872,IEV,2.4532,0.59,TRUE,1.7625,0.26,DoNot
103175,IEV,2.138,0.36,TRUE,1.34,0.43,Do
106938,HCMT,1.9725,0.11,FALSE,0.5842,0.26,DoNot
106002,HCMT,2.3261,0.48,TRUE,0.9011,0.22,DoNot
101202,Sprinter,2.1997,0.34,TRUE,1.7091,0.47,Do
102589,IEV,2.2467,0.44,TRUE,1.1272,0.4,Do
107616,HCMT,1.8182,0.03,FALSE,1.1681,0.43,Do
106708,HCMT,2.3759,0.43,TRUE,1.584,0.39,Do
100953,Sprinter,1.7201,0.02,FALSE,1.0338,0.45,Do
105940,HCMT,2.15,0.4,TRUE,1.3999,0.4,Do
100828,Sprinter,2.2513,0.49,TRUE,1.7965,0.44,Do
102945,IEV,1.7667,0.02,FALSE,0.4859,0.18,DoNot
109836,Comeng,2.0215,0.37,TRUE,0.0059,0.23,DoNot
101987,Sprinter,2.435,0.41,TRUE,1.2256,0.27,DoNot
106247,HCMT,1.9261,0.14,FALSE,1.6405,0.49,Do
103505,IEV,1.6865,0.02,FALSE,0.3473,0.45,Do
103576,IEV,2.6227,0.59,TRUE,1.3633,0.46,Do
101483,Sprinter,2.6644,0.57,TRUE,0.2259,0.49,Do
102404,IEV,2.3714,0.44,TRUE,0.8081,0.39,Do
104832,HCMT,1.6126,0.01,FALSE,1.1561,0.47,Do
103022,IEV,NA,0.02,FALSE,1.207,0.12,DoNot
104983,HCMT,2.5453,0.57,TRUE,0.6519,0.41,Do
108760,Comeng,1.7043,NA,FALSE,0.3335,0.08,DoNot
109353,Comeng,2.1689,0.38,TRUE,1.6524,0.39,Do
100280,Sprinter,2.5737,0.56,TRUE,0.5183,0.43,Do
107399,HCMT,1.6788,0.02,FALSE,0.4628,0.41,Do
106871,HCMT,1.9025,0.14,FALSE,1.2739,0.24,DoNot
105206,HCMT,1.7611,0.01,FALSE,0.1156,0.23,DoNot
106848,HCMT,2.3845,0.4,TRUE,1.5974,0.38,Do
102394,IEV,1.8,0.02,FALSE,0.3149,0.43,Do
104486,HCMT,2.0857,0.35,TRUE,0.3799,0.4,Do
105258,HCMT,2.7352,0.54,TRUE,1.244,0.16,DoNot
106011,HCMT,2.1042,0.32,TRUE,0.8988,0.37,Do
103095,IEV,2.5395,0.54,TRUE,0.2772,0.42,Do
105203,HCMT,2.4656,0.54,TRUE,1.6791,0.48,Do
104438,HCMT,1.8072,0.03,FALSE,1.3021,0.21,DoNot
104235,NA,2.2707,0.44,TRUE,1.4386,0.07,DoNot
101097,Sprinter,2.0985,0.33,TRUE,1.2306,0.46,Do
107463,HCMT,2.3139,0.44,TRUE,0.3302,0.24,DoNot
106037,HCMT,2.2546,0.46,TRUE,0.789,0.31,Do
105393,HCMT,2.3918,0.5,TRUE,0.8234,0.47,Do
107008,HCMT,2.6294,0.6,TRUE,1.7961,0.13,DoNot
102988,IEV,1.7799,0.01,FALSE,1.3185,0,DoNot
104282,HCMT,1.905,0.2,FALSE,0.9063,0.22,DoNot
102140,IEV,2.4247,0.41,TRUE,0.9019,0.48,Do
100710,Sprinter,2.4917,0.56,TRUE,1.438,0.38,Do
109110,Comeng,2.696,0.51,TRUE,1.7024,0.47,Do
109857,Comeng,2.0107,0.32,TRUE,0.2915,0.44,Do
103107,IEV,1.7184,0.02,FALSE,0.2325,0.46,Do
106527,HCMT,2.5548,0.57,TRUE,1.2422,0.06,DoNot
105061,HCMT,1.8275,0.08,FALSE,0.9341,0.22,DoNot
103164,IEV,2.7344,0.53,TRUE,0.1943,0.47,Do
102421,IEV,2.6826,0.59,TRUE,1.1607,0.3,DoNot
101741,Sprinter,1.6759,0.01,FALSE,1.5456,0.46,Do
109659,Comeng,1.8381,0.1,FALSE,1.6249,0.21,DoNot
106803,HCMT,2.5989,0.5,TRUE,1.2262,0.5,Do
102422,IEV,1.675,0.02,FALSE,0.2492,0.5,Do
104725,HCMT,2.0953,0.34,TRUE,0.7155,0.47,Do
109187,Comeng,2.2813,NA,TRUE,0.0616,0.14,DoNot
109479,Comeng,1.6811,0.01,FALSE,1.6106,0.41,Do
105704,HCMT,2.1667,0.31,TRUE,1.1747,0.46,Do
104861,HCMT,2.0408,0.38,TRUE,0.4782,0.2,DoNot
103501,IEV,2.2516,0.44,TRUE,0.9941,0.45,Do
103448,IEV,2.721,0.57,TRUE,1.6452,0.46,Do
105376,HCMT,2.7128,0.58,TRUE,1.3191,0.45,Do
107598,HCMT,NA,0.56,TRUE,0.0687,0.25,DoNot
107936,XTrapolis102,1.6072,0.01,FALSE,0.9606,0.32,Do
103880,IEV,2.0872,0.34,TRUE,0.1084,0.25,DoNot
101848,Sprinter,1.9372,0.14,FALSE,1.061,0.43,Do
107844,HCMT,2.654,0.57,TRUE,1.4872,0.44,Do
102333,IEV,2.1093,0.37,TRUE,1.0902,0.46,Do
100805,Sprinter,2.2242,0.43,TRUE,0.0688,0.43,Do
104438,HCMT,2.4944,0.57,TRUE,0.5278,0.43,Do
102918,IEV,1.699,0.01,FALSE,0.8374,0.44,Do
106478,HCMT,2.5348,0.51,TRUE,0.5556,0.4,Do
101032,Sprinter,1.6037,0.01,FALSE,0.1072,0.47,Do
107849,HCMT,2.6751,0.58,TRUE,1.4827,0.04,DoNot
104335,HCMT,1.8702,0.03,FALSE,1.0104,0.21,DoNot
100286,Sprinter,1.8561,0.02,FALSE,0.9355,0.47,Do
102687,IEV,2.2887,0.44,TRUE,0.8955,0.46,Do
102182,IEV,1.6098,0.02,FALSE,1.5846,0.45,Do
100020,Sprinter,2.445,0.42,TRUE,0.962,0.41,Do
104158,HCMT,2.6655,0.57,TRUE,1.2044,0.23,DoNot
107575,HCMT,2.676,0.56,TRUE,1.2036,0.46,Do
101464,Sprinter,2.4252,0.47,TRUE,0.5158,0.46,Do
107933,XTrapolis101,1.6889,0.01,FALSE,0.3089,0.39,Do
105703,HCMT,1.9868,0.18,FALSE,0.1817,0.11,DoNot
100718,Sprinter,2.4535,0.57,TRUE,0.134,0.28,DoNot
108202,XTrapolis129,2.7285,0.55,TRUE,1.4498,0.47,Do
107256,NA,2.4014,0.48,TRUE,0.9932,0.22,DoNot
108013,XTrapolis110,2.0154,0.39,TRUE,0.5134,0.25,DoNot
109485,Comeng,1.8472,0.09,FALSE,0.0147,0.45,Do
106083,HCMT,2.7447,0.57,TRUE,0.3158,0.48,Do
106504,HCMT,2.1471,0.37,TRUE,0.0483,0.45,Do
104936,HCMT,2.3163,NA,TRUE,1.1843,0.46,Do
100995,Sprinter,2.3484,0.47,TRUE,0.1563,0.13,DoNot
107549,HCMT,2.3975,0.42,TRUE,0.87,0.41,Do
105055,HCMT,2.1661,0.35,TRUE,0.2416,0.45,Do
109055,Comeng,2.0337,0.39,TRUE,0.7672,0.44,Do
103493,IEV,2.4378,0.42,TRUE,0.8658,0.24,DoNot
103681,IEV,2.6109,0.51,TRUE,1.0027,0.44,Do
100200,Sprinter,1.9421,0.17,FALSE,1.7058,0.17,DoNot
108305,XTrapolis141,1.7629,0.02,FALSE,0.6099,0.37,Do
100652,Sprinter,2.5461,0.56,TRUE,1.069,0.42,Do
102356,IEV,2.2557,0.43,TRUE,1.6965,0.36,Do
108649,Comeng,2.2817,0.44,TRUE,0.7324,0.48,Do
100038,Sprinter,2.6646,0.52,TRUE,1.7696,0.4,Do
107918,HCMT,NA,0.57,TRUE,1.6629,0.46,Do
107784,HCMT,2.5915,0.57,TRUE,1.0952,0.26,DoNot
105641,HCMT,1.9191,0.19,FALSE,0.945,0.45,Do
103584,IEV,2.2116,0.41,TRUE,1.1258,0.45,Do
104724,HCMT,1.9773,0.15,FALSE,0.357,0.45,Do
102688,IEV,2.1586,0.36,TRUE,1.1241,0.44,Do
100304,Sprinter,2.0852,0.35,TRUE,0.0676,0.46,Do
108526,XTrapolis159,2.4009,0.48,TRUE,1.7273,0.47,Do
100784,Sprinter,2.2648,0.48,TRUE,1.6272,0.44,Do
101233,Sprinter,1.9538,0.14,FALSE,1.3878,0.48,Do
101219,Sprinter,2.449,0.41,TRUE,1.1655,0.2,DoNot
106418,HCMT,2.135,0.38,TRUE,1.7381,0.46,Do
101027,Sprinter,2.2044,0.46,TRUE,0.7702,0.21,DoNot
107428,HCMT,2.379,0.49,TRUE,1.5318,0.49,Do
103894,IEV,1.7749,0.02,FALSE,0.1956,0.39,Do
102626,IEV,2.2632,0.48,TRUE,0.3273,0.44,Do
103742,IEV,2.632,0.57,TRUE,0.6756,0.31,Do
102656,IEV,2.5558,0.52,TRUE,1.4933,0.29,DoNot
103612,IEV,2.0308,0.3,TRUE,0.5861,0.34,Do
105461,HCMT,2.4678,0.53,TRUE,0.9013,0.23,DoNot
105022,HCMT,1.8204,0.09,FALSE,1.1473,0.36,Do
100329,Sprinter,2.0266,0.38,TRUE,0.0698,0.29,DoNot
106522,HCMT,2.6117,0.56,TRUE,0.1042,0.21,DoNot
107453,HCMT,2.4685,0.57,TRUE,0.0239,0.44,Do
104929,HCMT,1.7098,0.02,FALSE,1.3092,0.47,Do
100783,Sprinter,2.0463,0.39,TRUE,1.5984,0.47,Do
107798,HCMT,2.2479,NA,TRUE,1.4822,0.49,Do
101251,Sprinter,2.3302,0.47,TRUE,1.5919,0.2,DoNot
102509,IEV,2.5466,0.59,TRUE,0.541,0.24,DoNot
101466,Sprinter,2.3518,0.48,TRUE,0.8272,0.44,Do
105633,HCMT,2.0453,0.37,TRUE,1.1242,0.44,Do
101203,Sprinter,2.6876,0.54,TRUE,0.9902,0.47,Do
103093,IEV,1.6296,0.01,FALSE,1.3978,0.23,DoNot
109009,Comeng,2.7039,0.52,TRUE,0.6762,0.19,DoNot
103963,SiemensNexas,2.1949,0.35,TRUE,0.9999,0.44,Do
100920,NA,1.9759,0.16,FALSE,1.1777,0.41,Do
109592,Comeng,1.7855,0.02,FALSE,1.507,0.32,Do
107643,HCMT,2.7466,0.56,TRUE,1.0496,0.49,Do
101704,Sprinter,2.3173,0.48,TRUE,0.8327,0.34,Do
103361,IEV,2.4178,0.43,TRUE,0.5504,0.28,DoNot
107021,HCMT,2.0359,0.34,TRUE,0.5979,0.44,Do
103412,IEV,1.8598,0.03,FALSE,0.2506,0.31,Do
107273,HCMT,1.9282,0.12,FALSE,0.7226,0.06,DoNot
100644,Sprinter,2.6558,0.51,TRUE,1.6305,0.39,Do
104436,HCMT,2.5533,0.6,TRUE,0.0731,0.38,Do
100325,Sprinter,NA,0.02,FALSE,0.0291,0.1,DoNot
106616,HCMT,2.2767,0.46,TRUE,0.028,0.44,Do
108574,Comeng,2.6594,0.52,TRUE,0.34,0.46,Do
102235,IEV,2.2045,0.42,TRUE,0.5599,0.38,Do
103374,IEV,2.4062,0.43,TRUE,0.672,0.29,DoNot
107780,HCMT,1.8865,0.02,FALSE,0.0053,0.48,Do
106801,HCMT,2.043,0.38,TRUE,0.6288,0.37,Do
107754,HCMT,1.6302,0.01,FALSE,0.9395,0.46,Do
108878,NA,1.6684,0.02,FALSE,1.7712,0.14,DoNot
107165,HCMT,1.6832,0.02,FALSE,0.7502,0.46,Do
105002,HCMT,2.2018,0.48,TRUE,1.4048,0.45,Do
104061,SiemensNexas,2.0922,0.36,TRUE,0.7869,0.46,Do
102739,IEV,2.0778,0.34,TRUE,0.7843,0.29,DoNot
100732,Sprinter,2.2245,0.42,TRUE,0.0455,0.42,Do
104609,HCMT,2.4523,0.59,TRUE,1.7817,0.43,Do
106939,HCMT,1.7299,0.02,FALSE,0.7839,0.35,Do
109557,Comeng,2.3325,0.43,TRUE,1.1181,0.49,Do
106977,HCMT,2.3047,0.42,TRUE,0.793,0.3,DoNot
108290,XTrapolis140,2.0718,0.39,TRUE,1.6695,0.44,Do
103983,SiemensNexas,2.4206,0.42,TRUE,1.485,0.46,Do
109742,Comeng,2.5198,NA,TRUE,0.0166,0.3,DoNot
108219,XTrapolis131,2.426,0.47,TRUE,1.5363,0.5,Do
101765,Sprinter,2.4919,0.52,TRUE,0.2221,0.45,Do
107475,HCMT,2.0307,0.32,TRUE,1.701,0.26,DoNot
106742,HCMT,1.6147,0.01,FALSE,0.7124,0.48,Do
102965,IEV,1.6163,0.01,FALSE,0.4242,0.39,Do
106353,HCMT,1.8544,0.02,FALSE,0.1744,0.36,Do
100456,Sprinter,2.6185,0.52,TRUE,0.6052,0.45,Do
101624,Sprinter,1.6742,0.01,FALSE,1.1984,0.49,Do
105337,HCMT,1.7761,0.02,FALSE,0.1373,0.21,DoNot
103434,IEV,2.1513,0.39,TRUE,1.0054,0.2,DoNot
104699,HCMT,2.2827,0.42,TRUE,1.0416,0.44,Do
100204,Sprinter,1.7359,0.02,FALSE,0.1733,0.33,Do
105968,HCMT,2.4325,0.46,TRUE,1.0738,0.28,DoNot
108497,XTrapolis154,2.0594,0.33,TRUE,0.5738,0.22,DoNot
106611,HCMT,1.7516,0.02,FALSE,0.654,0.43,Do
106452,HCMT,2.3873,0.41,TRUE,0.8852,0.45,Do
102032,Sprinter,2.7165,0.55,TRUE,1.5534,0.42,Do
108328,XTrapolis144,2.1336,0.34,TRUE,1.0043,0.4,Do
105500,HCMT,2.6277,0.58,TRUE,1.2411,0.32,Do
100631,Sprinter,1.6752,0.01,FALSE,1.2399,0.47,Do
108632,Comeng,2.6521,0.52,TRUE,0.899,0.41,Do
104296,HCMT,2.4287,0.5,TRUE,0.5758,0.44,Do
109054,Comeng,1.8923,0.07,FALSE,1.2344,0.42,Do
109418,Comeng,2.7146,0.59,TRUE,0.9414,0.16,DoNot
105899,HCMT,1.668,0.01,FALSE,0.3561,0.13,DoNot
107537,HCMT,2.0338,0.4,TRUE,0.1135,0.38,Do
100022,Sprinter,1.7609,0.02,FALSE,0.1633,0.15,DoNot
102863,IEV,NA,0.45,TRUE,0.2315,0.46,Do
109518,Comeng,1.9246,0.1,FALSE,0.4486,0.23,DoNot
102800,IEV,2.2799,0.44,TRUE,1.3907,0.43,Do
102667,IEV,2.5346,0.53,TRUE,1.7159,0.46,Do
102919,IEV,2.0363,0.35,TRUE,1.0183,0.43,Do
107427,HCMT,2.3665,0.41,TRUE,0.7896,0.27,DoNot
103011,IEV,2.2116,0.41,TRUE,1.2777,0.42,Do
105626,HCMT,1.7614,0.02,FALSE,1.497,0.45,Do
102950,IEV,2.3978,0.43,TRUE,1.2162,0.46,Do
100533,Sprinter,2.4579,0.52,TRUE,0.9422,0.3,DoNot
109777,Comeng,2.1224,0.32,TRUE,0.4328,0.49,Do
109344,Comeng,2.6779,NA,TRUE,0.6057,0.31,Do
101056,Sprinter,1.684,0.01,FALSE,1.3581,0.21,DoNot
101446,Sprinter,2.6893,0.54,TRUE,0.3889,0.48,Do
104270,HCMT,2.4396,0.49,TRUE,0.8281,0.44,Do
103373,IEV,1.829,0.05,FALSE,0.2854,0.44,Do
100111,Sprinter,2.2872,0.42,TRUE,0.7634,0.12,DoNot
108845,Comeng,2.296,0.4,TRUE,0.5371,0.46,Do
106007,HCMT,1.7194,0.01,FALSE,0.9652,0.41,Do
107127,HCMT,2.749,0.55,TRUE,1.7437,0.47,Do
107277,NA,2.7339,0.59,TRUE,1.6655,0.42,Do
102259,IEV,2.5701,0.5,TRUE,0.9835,0.24,DoNot
102397,IEV,2.7034,0.51,TRUE,0.7526,0.26,DoNot
109039,Comeng,2.2835,0.42,TRUE,1.0439,0.31,Do
108893,Comeng,1.6659,0.02,FALSE,0.5992,0.25,DoNot
107136,HCMT,2.4407,0.46,TRUE,0.0591,0.33,Do
106442,HCMT,1.9473,0.19,FALSE,0.7166,0.3,DoNot
100531,Sprinter,2.0809,0.38,TRUE,0.776,0.46,Do
101242,Sprinter,2.0256,0.36,TRUE,1.7524,0.45,Do
104214,HCMT,1.6268,0.01,FALSE,1.2659,0.44,Do
104683,HCMT,1.923,0.16,FALSE,0.0043,0.47,Do
107464,HCMT,1.6866,0.01,FALSE,1.2092,0.34,Do
100633,Sprinter,2.4471,0.41,TRUE,0.8108,0.44,Do
101717,Sprinter,2.6932,0.53,TRUE,0.2555,0.44,Do
103852,IEV,2.4658,0.58,TRUE,1.3504,0.02,DoNot
104265,HCMT,1.9956,0.13,FALSE,0.9533,0.29,DoNot
100441,Sprinter,2.1557,0.32,TRUE,0.6652,0.06,DoNot
100211,Sprinter,2.4817,0.57,TRUE,0.6514,0.14,DoNot
102898,IEV,2.2791,0.41,TRUE,0.5446,0.35,Do
105262,HCMT,2.3012,0.45,TRUE,0.5413,0.41,Do
109854,Comeng,2.0064,0.38,TRUE,0.6797,0.47,Do
103795,IEV,2.2281,0.5,TRUE,1.4527,0.05,DoNot
109257,Comeng,NA,0.5,TRUE,0.3507,0.36,Do
107909,HCMT,2.1385,0.3,TRUE,1.0522,0.13,DoNot
101891,Sprinter,2.4857,0.58,TRUE,0.2415,0.05,DoNot
106204,HCMT,2.2065,0.4,TRUE,1.3664,0.24,DoNot
102069,Sprinter,2.3128,0.41,TRUE,0.3311,0.37,Do
105368,HCMT,1.9984,0.17,FALSE,0.876,0.2,DoNot
106264,HCMT,2.3991,0.42,TRUE,0.9647,0.44,Do
100871,Sprinter,2.6911,0.56,TRUE,1.0743,0.22,DoNot
104553,HCMT,1.6429,NA,FALSE,0.5304,0.43,Do
103350,IEV,1.6755,0.02,FALSE,0.8756,0.46,Do
100961,Sprinter,2.6551,0.53,TRUE,0.4194,0.28,DoNot
102347,IEV,2.2558,0.49,TRUE,0.7344,0.46,Do
107974,XTrapolis106,1.9212,0.15,FALSE,0.3766,0.41,Do
101045,Sprinter,2.5458,0.52,TRUE,1.5624,0.4,Do
102039,Sprinter,1.8595,0.05,FALSE,1.0765,0.46,Do
105114,HCMT,2.1831,0.38,TRUE,1.223,0.46,Do
101555,Sprinter,1.9633,0.12,FALSE,0.8444,0.43,Do
105391,HCMT,1.9639,0.12,FALSE,0.2813,0.25,DoNot
104581,HCMT,1.8389,0.09,FALSE,0.3009,0.45,Do
105239,HCMT,1.8171,0.09,FALSE,0.7743,0.42,Do
104358,HCMT,2.076,0.38,TRUE,0.5527,0.08,DoNot
108404,XTrapolis148,2.0171,0.39,TRUE,1.5628,0.45,Do
100860,Sprinter,2.3683,0.43,TRUE,0.5845,0.5,Do
109730,Comeng,1.6742,0.02,FALSE,0.216,0.32,Do
105023,HCMT,1.8131,0.07,FALSE,1.7761,0.2,DoNot
101899,Sprinter,2.3397,0.47,TRUE,1.0948,0.28,DoNot
107384,HCMT,2.6459,0.56,TRUE,0.1528,0.25,DoNot
108625,Comeng,2.1378,0.31,TRUE,0.3168,0.5,Do
100713,Sprinter,2.5578,0.53,TRUE,0.6428,0.45,Do
108187,XTrapolis126,2.0921,0.34,TRUE,1.3352,0.45,Do
101047,Sprinter,1.6216,0.02,FALSE,1.2184,0.44,Do
106244,HCMT,2.3976,0.41,TRUE,1.2864,0.2,DoNot
104798,HCMT,2.1609,0.34,TRUE,0.4632,0.46,Do
105774,HCMT,2.5291,0.55,TRUE,1.2446,0.27,DoNot
109113,Comeng,2.1977,0.33,TRUE,0.2662,0.46,Do
106024,HCMT,1.905,0.11,FALSE,1.0509,0.44,Do
100214,Sprinter,2.6949,0.51,TRUE,1.4772,0.17,DoNot
105113,HCMT,2.1939,0.4,TRUE,0.6682,0.45,Do
105506,NA,2.2647,0.4,TRUE,1.0376,0.35,Do
102822,IEV,2.0432,0.35,TRUE,0.0906,0.47,Do
109210,Comeng,1.7422,0.01,FALSE,0.7535,0.44,Do
102362,IEV,1.9192,0.11,FALSE,0.4698,0.41,Do
106171,HCMT,2.4862,0.57,TRUE,1.4365,0.32,Do
108387,XTrapolis147,2.5099,0.55,TRUE,1.6356,0.37,Do
103627,IEV,2.1636,0.36,TRUE,0.8034,0.06,DoNot
100349,Sprinter,NA,0.02,FALSE,0.8695,0.21,DoNot
100947,Sprinter,2.1765,0.32,TRUE,0.1962,0.06,DoNot
100430,Sprinter,2.2402,0.48,TRUE,0.9801,0.3,DoNot
108619,Comeng,2.2083,0.47,TRUE,0.6707,0.38,Do
102215,IEV,2.2078,NA,TRUE,1.4096,0.45,Do
104256,HCMT,1.6352,0.02,FALSE,0.4831,0.46,Do
102399,IEV,2.0697,0.35,TRUE,0.3233,0.37,Do
109013,Comeng,2.3347,0.45,TRUE,1.4458,0.35,Do
107689,HCMT,2.6034,0.58,TRUE,0.0103,0.28,DoNot
102514,IEV,2.5907,0.51,TRUE,1.0898,0.42,Do
104377,HCMT,1.8492,0.04,FALSE,1.1152,0.19,DoNot
108832,Comeng,1.9692,0.12,FALSE,0.1507,0.42,Do
104068,SiemensNexas,2.6633,0.59,TRUE,0.4587,0.47,Do
102440,IEV,2.3682,0.49,TRUE,1.693,0.41,Do
104526,HCMT,1.916,0.11,FALSE,0.1471,0.47,Do
105376,HCMT,1.7782,0.01,FALSE,0.3682,0.44,Do
105193,HCMT,2.5546,0.51,TRUE,0.0394,0.47,Do
106005,HCMT,2.1062,0.36,TRUE,1.6852,0.13,DoNot
107677,HCMT,2.6369,0.57,TRUE,1.1565,0.38,Do
101638,Sprinter,2.6154,0.5,TRUE,0.5659,0.34,Do
107789,HCMT,2.6568,0.57,TRUE,0.4921,0.35,Do
105412,HCMT,1.6527,0.02,FALSE,0.3883,0.26,DoNot
100201,Sprinter,2.0127,0.39,TRUE,1.0934,0.46,Do
106533,HCMT,2.3165,0.48,TRUE,1.6082,0.47,Do
103979,SiemensNexas,2.1577,0.34,TRUE,0.1324,0.1,DoNot
109806,Comeng,2.5553,0.54,TRUE,0.1923,0.45,Do
100335,Sprinter,2.2578,0.49,TRUE,0.5946,0.38,Do
101361,Sprinter,1.8271,0.04,FALSE,1.622,0.42,Do
101057,Sprinter,2.6875,0.51,TRUE,0.9388,0.45,Do
107843,HCMT,2.6192,0.59,TRUE,0.7398,0.42,Do
108225,XTrapolis132,2.7147,0.58,TRUE,0.2139,0.47,Do
101935,NA,1.7444,0.01,FALSE,1.1981,0.48,Do
102067,Sprinter,2.5942,0.55,TRUE,0.0553,0.4,Do
106109,HCMT,2.2636,0.48,TRUE,1.1431,0.45,Do
100463,Sprinter,2.1942,0.35,TRUE,1.0383,0.47,Do
102146,IEV,2.6204,0.55,TRUE,0.9493,0.43,Do
102672,IEV,2.1628,0.38,TRUE,1.0891,0.34,Do
100127,Sprinter,1.7448,0.02,FALSE,0.0579,0.45,Do
108692,Comeng,2.2338,0.4,TRUE,0.4188,0.42,Do
104759,HCMT,2.1469,0.36,TRUE,0.35,0.45,Do
105197,HCMT,2.6953,0.58,TRUE,1.0101,0.5,Do
106297,HCMT,2.0725,0.36,TRUE,0.0256,0.43,Do
102186,IEV,1.7235,0.01,FALSE,1.2452,0.45,Do
108931,Comeng,2.1832,NA,TRUE,1.0313,0.44,Do
103354,IEV,2.6876,0.55,TRUE,1.0689,0.45,Do
107623,HCMT,NA,0.4,TRUE,1.6478,0.12,DoNot
104794,HCMT,1.898,0.03,FALSE,1.7316,0.16,DoNot
101270,Sprinter,2.0103,0.39,TRUE,0.9662,0.3,DoNot
103449,IEV,1.7039,0.01,FALSE,0.5873,0.43,Do
103895,IEV,2.1961,0.31,TRUE,1.3341,0.29,DoNot
101765,Sprinter,2.3595,0.42,TRUE,1.1535,0.12,DoNot
104059,SiemensNexas,2.7428,0.5,TRUE,1.6281,0.41,Do
108719,Comeng,2.7199,0.56,TRUE,1.407,0.28,DoNot
106445,HCMT,2.0349,0.32,TRUE,0.2001,0.41,Do
106424,HCMT,2.6393,0.57,TRUE,0.9688,0.46,Do
101293,Sprinter,1.7458,0.02,FALSE,0.7235,0.45,Do
108442,XTrapolis151,2.6935,0.55,TRUE,0.5103,0.43,Do
104697,HCMT,2.3737,0.42,TRUE,1.2378,0.45,Do
103693,IEV,2.3818,0.46,TRUE,0.4299,0.08,DoNot
109354,Comeng,2.6484,0.56,TRUE,0.126,0.42,Do
109309,Comeng,2.4235,0.47,TRUE,0.6372,0.42,Do
109510,Comeng,2.1085,0.32,TRUE,1.0673,0.42,Do
102038,Sprinter,2.6031,0.5,TRUE,1.5735,0.37,Do
103621,IEV,2.0506,0.31,TRUE,0.237,0.41,Do
100688,Sprinter,2.3594,0.48,TRUE,1.1104,0.22,DoNot
105408,HCMT,2.0487,0.36,TRUE,0.6208,0.47,Do
101556,Sprinter,2.3442,0.42,TRUE,1.6017,0.26,DoNot
107777,HCMT,1.7371,0.02,FALSE,0.6545,0.29,DoNot
109975,Comeng,1.9235,0.18,FALSE,0.2412,0.3,DoNot
104442,NA,2.4713,0.57,TRUE,1.7167,0.35,Do
108062,XTrapolis115,2.2264,0.41,TRUE,0.8879,0.13,DoNot
105408,HCMT,2.59,0.5,TRUE,1.3074,0.1,DoNot
108007,XTrapolis109,1.7888,0.01,FALSE,1.0324,0.48,Do
109965,Comeng,2.3976,0.46,TRUE,0.8039,0.44,Do
109143,Comeng,2.0154,0.39,TRUE,1.7355,0.46,Do
106626,HCMT,2.6337,0.58,TRUE,0.5505,0.39,Do
101403,Sprinter,1.9956,0.19,FALSE,0.4498,0.26,DoNot
101457,Sprinter,2.2724,0.45,TRUE,1.7112,0.45,Do
102662,IEV,2.4733,0.53,TRUE,1.1984,0.44,Do
109918,Comeng,1.9496,0.12,FALSE,0.4302,0.46,Do
107965,XTrapolis103,2.5694,0.55,TRUE,0.0378,0.46,Do
104770,HCMT,2.6682,0.59,TRUE,0.2164,0.44,Do
109926,Comeng,2.2871,0.49,TRUE,1.5524,0.3,DoNot
105304,HCMT,2.3236,0.44,TRUE,1.6525,0.33,Do
105276,HCMT,NA,0.41,TRUE,0.4139,0.47,Do
102288,IEV,2.4838,0.55,TRUE,0.6377,0.31,Do
108354,XTrapolis145,1.9611,0.17,FALSE,1.3206,0.19,DoNot
104557,HCMT,1.6491,0.02,FALSE,0.7198,0.22,DoNot
107153,HCMT,2.5122,NA,TRUE,0.3822,0.17,DoNot
108773,Comeng,2.1935,0.34,TRUE,0.588,0.4,Do
100806,Sprinter,1.6307,0.02,FALSE,1.7708,0.46,Do
104825,HCMT,2.7148,0.52,TRUE,0.8023,0.46,Do
103372,IEV,2.2244,0.47,TRUE,1.4716,0.15,DoNot
102484,IEV,2.6349,0.59,TRUE,1.146,0.17,DoNot
103869,IEV,1.6716,0.02,FALSE,1.5473,0.43,Do
106331,HCMT,2.3531,0.48,TRUE,1.1358,0.25,DoNot
106335,HCMT,1.7801,0.02,FALSE,0.9605,0.5,Do
101087,Sprinter,1.7831,0.01,FALSE,1.6555,0.4,Do
104749,HCMT,1.8837,0.08,FALSE,0.3616,0.43,Do
103482,IEV,1.9367,0.11,FALSE,1.4243,0.45,Do
102493,IEV,2.2374,0.42,TRUE,0.0241,0.38,Do
100894,Sprinter,2.605,0.51,TRUE,0.593,0.27,DoNot
108034,XTrapolis113,2.4573,0.59,TRUE,1.7207,0.35,Do
107555,HCMT,2.2085,0.41,TRUE,0.0626,0.33,Do
105906,NA,1.7046,0.02,FALSE,0.9621,0.37,Do
103118,IEV,2.151,0.36,TRUE,0.9428,0.34,Do
103965,SiemensNexas,2.3063,0.41,TRUE,1.0145,0.47,Do
100175,Sprinter,2.6944,0.59,TRUE,0.8726,0.46,Do
104634,HCMT,1.9242,0.11,FALSE,0.2172,0.48,Do
103779,IEV,1.9598,0.13,FALSE,0.1308,0.37,Do
106939,HCMT,1.7701,0.01,FALSE,0.0505,0.27,DoNot
105186,HCMT,2.091,0.34,TRUE,0.8446,0.25,DoNot
100653,Sprinter,1.9705,0.14,FALSE,0.3754,0.41,Do
108869,Comeng,2.6154,0.58,TRUE,0.2152,0.45,Do
104643,HCMT,1.6968,0.02,FALSE,1.0268,0.41,Do
105869,HCMT,2.1254,0.4,TRUE,1.028,0.45,Do
102885,IEV,2.5224,0.54,TRUE,1.1235,0.24,DoNot
105928,HCMT,2.0619,0.36,TRUE,1.18,0.22,DoNot
103228,IEV,2.2579,0.43,TRUE,0.7766,0.48,Do
108069,XTrapolis117,2.4716,0.52,TRUE,1.7,0.43,Do
108281,XTrapolis138,2.137,0.36,TRUE,0.6081,0.46,Do
102309,IEV,2.682,0.52,TRUE,1.6826,0.33,Do
104324,HCMT,1.992,0.19,FALSE,0.6919,0.46,Do
105242,HCMT,2.1364,0.31,TRUE,0.1318,0.47,Do
109249,Comeng,2.7207,0.59,TRUE,1.162,0.47,Do
109073,Comeng,2.1931,0.38,TRUE,1.755,0.46,Do
103871,IEV,1.8968,0.03,FALSE,1.1447,0.4,Do
107780,HCMT,2.6454,0.52,TRUE,1.6237,0.48,Do
105276,HCMT,1.7596,NA,FALSE,0.1692,0.42,Do
100795,Sprinter,1.9965,0.13,FALSE,0.1456,0.5,Do
101294,Sprinter,2.3668,0.46,TRUE,1.4014,0.21,DoNot
103483,IEV,2.7081,0.57,TRUE,0.6764,0.3,DoNot
108854,Comeng,1.9027,0.18,FALSE,0.1695,0.32,Do
103363,IEV,2.495,0.51,TRUE,0.5214,0.2,DoNot
107158,HCMT,2.7175,0.54,TRUE,0.8682,0.47,Do
100851,Sprinter,2.5958,0.5,TRUE,0.5256,0.37,Do
101044,Sprinter,2.1497,0.37,TRUE,0.2516,0.11,DoNot
102509,IEV,2.5496,0.57,TRUE,1.4213,0.42,Do
109974,Comeng,1.7022,0.02,FALSE,1.0025,0.19,DoNot
100330,Sprinter,1.6885,0.02,FALSE,1.5563,0.44,Do
104051,SiemensNexas,2.4073,0.41,TRUE,0.2745,0.44,Do
102142,IEV,2.4434,0.46,TRUE,1.7019,0.41,Do
103491,IEV,2.7078,0.52,TRUE,1.6222,0.2,DoNot
100527,Sprinter,1.6169,0.01,FALSE,0.9014,0.41,Do
101366,Sprinter,1.6382,0.01,FALSE,0.5857,0.15,DoNot
100650,Sprinter,1.6683,0.01,FALSE,1.0249,0.1,DoNot
100881,Sprinter,2.6184,0.58,TRUE,0.857,0.32,Do
108424,XTrapolis150,2.3654,0.46,TRUE,1.2994,0.26,DoNot
103783,IEV,2.2406,0.49,TRUE,0.0721,0.46,Do
107308,HCMT,2.5643,0.58,TRUE,0.0355,0.18,DoNot
103957,SiemensNexas,2.4036,0.49,TRUE,0.0821,0.2,DoNot
105361,HCMT,2.5475,0.55,TRUE,0.834,0.34,Do
107019,HCMT,1.8074,0.02,FALSE,0.8385,0.45,Do
108004,XTrapolis108,2.1786,0.31,TRUE,0.2547,0.24,DoNot
108547,Comeng,2.0907,0.37,TRUE,0.8627,0.48,Do
104653,HCMT,1.9168,0.18,FALSE,1.4918,0.43,Do
102886,IEV,1.6087,0.01,FALSE,1.6897,0.34,Do
108084,XTrapolis118,2.5255,0.53,TRUE,1.2405,0.33,Do
104236,HCMT,2.2809,0.46,TRUE,1.0432,0.3,DoNot
106004,HCMT,2.3539,0.49,TRUE,0.3768,0.41,Do
104073,SiemensNexas,2.4014,0.47,TRUE,0.3786,0.49,Do
108282,XTrapolis139,1.6659,0.01,FALSE,1.2149,0.45,Do
107614,HCMT,2.6499,0.5,TRUE,1.059,0.43,Do
109886,Comeng,2.242,0.47,TRUE,0.4937,0.45,Do
102694,IEV,2.2398,0.46,TRUE,0.2511,0.44,Do
103823,IEV,2.3079,0.42,TRUE,1.7836,0.47,Do
102209,IEV,1.7114,0.01,FALSE,0.4741,0.4,Do
108085,XTrapolis119,1.902,0.17,FALSE,1.3018,0.38,Do
100902,Sprinter,2.4908,0.54,TRUE,0.5321,0.27,DoNot
109231,Comeng,2.2305,0.43,TRUE,0.9739,0.21,DoNot
100761,Sprinter,2.5712,0.5,TRUE,0.4427,0.45,Do
105621,HCMT,2.721,0.54,TRUE,0.5542,0.49,Do
103679,IEV,2.3565,0.44,TRUE,0.3066,0.45,Do
109426,Comeng,2.193,0.36,TRUE,1.2203,0.42,Do
107534,HCMT,1.8012,0.02,FALSE,1.0375,0.35,Do
109376,Comeng,2.1431,0.37,TRUE,0.677,0.46,Do
100251,Sprinter,1.7001,0.02,FALSE,1.7668,0.35,Do
101142,Sprinter,2.2859,0.47,TRUE,0.079,0.49,Do
100366,Sprinter,2.1876,0.34,TRUE,1.5491,0.43,Do
103713,IEV,1.9316,0.19,FALSE,0.882,0.33,Do
100267,Sprinter,2.1819,0.32,TRUE,0.8822,0.11,DoNot
105389,HCMT,1.7884,0.01,FALSE,0.6985,0.48,Do
103652,IEV,2.1008,0.33,TRUE,0.1412,0.4,Do
105927,HCMT,1.8106,0.03,FALSE,1.6747,0.31,Do
108493,XTrapolis153,2.4819,0.56,TRUE,0.8886,0.26,DoNot
107470,HCMT,2.4997,0.56,TRUE,0.4591,0.01,DoNot
108685,Comeng,1.8941,0.1,FALSE,0.1418,0.36,Do
101097,Sprinter,1.6457,0.01,FALSE,1.3989,0.49,Do
100660,Sprinter,2.6798,0.52,TRUE,0.5032,0.39,Do
107328,HCMT,2.642,0.58,TRUE,1.1311,0.46,Do
100763,Sprinter,1.8519,0.05,FALSE,1.1112,0.24,DoNot
103588,IEV,2.3837,0.47,TRUE,1.0671,0.47,Do
103149,IEV,2.0182,0.4,TRUE,0.6583,0.47,Do
109312,Comeng,2.1554,0.36,TRUE,0.2248,0.45,Do
105722,HCMT,2.367,0.42,TRUE,0.5403,0.43,Do
101879,Sprinter,2.3223,0.4,TRUE,1.0921,0.47,Do
106428,HCMT,1.7888,0.02,FALSE,0.0041,0.45,Do
102302,IEV,1.8286,0.06,FALSE,0.6846,0.41,Do
104598,HCMT,2.4905,0.51,TRUE,1.7711,0.25,DoNot
100325,Sprinter,1.753,0.02,FALSE,0.6993,0.15,DoNot
104016,SiemensNexas,2.5849,0.56,TRUE,1.2675,0.23,DoNot
104018,SiemensNexas,1.7141,0.02,FALSE,0.3182,0.36,Do
108016,XTrapolis112,2.35,0.44,TRUE,0.0276,0.43,Do
107895,HCMT,2.0718,0.39,TRUE,1.7055,0.44,Do
106740,HCMT,2.2094,0.44,TRUE,0.0228,0.38,Do
107576,HCMT,1.9583,0.14,FALSE,0.8509,0.22,DoNot
107853,HCMT,1.9294,0.18,FALSE,0.6811,0.08,DoNot
105876,HCMT,2.3714,0.4,TRUE,0.0059,0.4,Do
104561,HCMT,2.6627,0.58,TRUE,0.0329,0.47,Do
100822,Sprinter,2.4164,0.44,TRUE,0.0729,0.44,Do
109284,Comeng,2.669,0.56,TRUE,1.6137,0.46,Do
109008,Comeng,2.4543,0.57,TRUE,0.399,0.2,DoNot
107550,HCMT,1.651,0.01,FALSE,0.7413,0.35,Do
109590,Comeng,2.5072,0.56,TRUE,0.4752,0.36,Do
101421,Sprinter,1.8248,0.04,FALSE,0.6405,0.45,Do
106840,HCMT,2.1366,0.38,TRUE,0.0379,0.42,Do
100695,Sprinter,2.1466,0.38,TRUE,0.887,0.42,Do
100528,Sprinter,2.1331,0.35,TRUE,0.6397,0.17,DoNot
107806,HCMT,1.9306,0.16,FALSE,1.1921,0.29,DoNot
107664,HCMT,1.6094,0.02,FALSE,0.3042,0.3,DoNot
103763,IEV,2.2883,0.5,TRUE,1.4395,0.45,Do
108199,XTrapolis128,1.9907,0.12,FALSE,0.5771,0.19,DoNot
109626,Comeng,2.3853,0.48,TRUE,0.6302,0.29,DoNot
107879,HCMT,1.6835,0.02,FALSE,0.9708,0.47,Do
100381,Sprinter,2.5751,0.57,TRUE,1.3121,0.33,Do
104601,HCMT,2.5168,0.59,TRUE,1.7978,0.08,DoNot
103848,IEV,2.1601,0.38,TRUE,1.2404,0.14,DoNot
105720,HCMT,2.6204,0.52,TRUE,0.7618,0.46,Do
106371,HCMT,1.8335,0.1,FALSE,0.9232,0.35,Do
109520,Comeng,2.2614,0.47,TRUE,1.0941,0.47,Do
108155,XTrapolis124,1.6198,0.01,FALSE,1.4051,0.34,Do
106973,HCMT,2.0015,0.35,TRUE,1.5517,0.5,Do
101648,Sprinter,1.9426,0.14,FALSE,1.1651,0.46,Do
104470,HCMT,1.6485,0.02,FALSE,0.431,0.35,Do
102151,IEV,1.8881,0.06,FALSE,1.188,0.45,Do
100307,Sprinter,2.403,0.42,TRUE,0.1039,0.24,DoNot
105209,HCMT,2.6314,0.6,TRUE,1.3425,0.41,Do
103919,SiemensNexas,1.9388,0.16,FALSE,1.2736,0.38,Do
108095,XTrapolis120,2.712,0.54,TRUE,1.6424,0.29,DoNot
109790,Comeng,1.7963,0.02,FALSE,0.0405,0.47,Do
100571,Sprinter,2.4518,0.57,TRUE,1.4352,0.27,DoNot
105984,HCMT,1.7839,0.01,FALSE,1.1235,0.32,Do
107176,HCMT,1.7268,0.02,FALSE,0.3303,0.21,DoNot
102116,IEV,1.7165,0.02,FALSE,0.7321,0.4,Do
106920,HCMT,2.3586,0.4,TRUE,1.1531,0.48,Do
108732,Comeng,1.8968,0.08,FALSE,1.2065,0.25,DoNot
103921,SiemensNexas,2.0072,0.36,TRUE,1.3186,0.24,DoNot
103063,IEV,2.1079,0.36,TRUE,1.2654,0.1,DoNot
104837,HCMT,2.1439,0.38,TRUE,0.6123,0.27,DoNot
107520,HCMT,2.3853,0.44,TRUE,0.5959,0.37,Do
100347,Sprinter,2.6057,0.52,TRUE,0.3547,0.09,DoNot
102187,IEV,1.9725,0.19,FALSE,0.9938,0.48,Do
100037,Sprinter,1.9373,0.17,FALSE,0.8441,0.29,DoNot
101669,Sprinter,1.6006,0.02,FALSE,1.0796,0.46,Do
101892,Sprinter,1.8015,0.09,FALSE,0.6448,0.37,Do
102944,IEV,1.7063,0.01,FALSE,0.4598,0.27,DoNot
108701,Comeng,2.3806,0.48,TRUE,0.0771,0.46,Do
105203,HCMT,2.703,0.54,TRUE,1.6103,0.1,DoNot
106038,HCMT,2.273,0.48,TRUE,0.3963,0.43,Do
106261,HCMT,1.8183,0.08,FALSE,0.1023,0.2,DoNot
102273,IEV,2.3628,0.48,TRUE,1.5581,0.2,DoNot
106484,HCMT,2.7248,0.54,TRUE,1.763,0.36,Do
104584,HCMT,2.0387,0.35,TRUE,0.9378,0.4,Do
105858,HCMT,2.4286,0.42,TRUE,1.6683,0.23,DoNot
108871,Comeng,2.2499,0.48,TRUE,0.1575,0.47,Do
104182,HCMT,1.8088,0.06,FALSE,0.9794,0.1,DoNot
100186,Sprinter,2.675,0.59,TRUE,0.0292,0.22,DoNot
101398,Sprinter,2.6104,0.5,TRUE,0.9311,0.44,Do
101644,Sprinter,1.8932,0.06,FALSE,0.6456,0.43,Do
108271,XTrapolis136,2.2683,0.5,TRUE,1.4866,0.22,DoNot
106535,HCMT,2.6675,0.54,TRUE,0.6592,0.24,DoNot
104196,HCMT,2.3289,0.46,TRUE,1.7198,0.45,Do
109531,Comeng,2.0014,0.3,TRUE,1.5272,0.42,Do
107065,HCMT,2.1753,0.4,TRUE,0.183,0.49,Do
108744,Comeng,1.7438,0.02,FALSE,1.4546,0.33,Do
109274,Comeng,1.7647,0.01,FALSE,0.6447,0.47,Do
109026,Comeng,2.5935,0.6,TRUE,1.1276,0.24,DoNot
103744,IEV,2.505,0.55,TRUE,0.4726,0.4,Do
102668,IEV,2.3092,0.5,TRUE,0.7643,0.12,DoNot
104012,SiemensNexas,2.488,0.52,TRUE,0.9222,0.46,Do
100176,Sprinter,2.7184,0.6,TRUE,1.4141,0.46,Do
107480,HCMT,2.4033,0.47,TRUE,0.6203,0.36,Do
100615,Sprinter,2.1091,0.37,TRUE,1.0645,0.09,DoNot
104311,HCMT,1.8806,0.08,FALSE,0.3512,0.4,Do
108608,Comeng,2.1265,0.37,TRUE,0.6491,0.44,Do
104338,HCMT,2.1282,0.3,TRUE,0.4611,0.34,Do
107286,HCMT,1.9017,0.18,FALSE,0.8914,0.4,Do
108531,Comeng,2.0749,0.37,TRUE,1.0313,0.4,Do
107588,HCMT,2.3195,0.4,TRUE,1.607,0.45,Do
105794,HCMT,2.6133,0.55,TRUE,0.5558,0.43,Do
100825,Sprinter,2.2694,0.44,TRUE,0.3478,0.45,Do
109811,Comeng,2.523,0.52,TRUE,1.4184,0.42,Do
100515,Sprinter,1.6807,0.01,FALSE,1.7493,0.16,DoNot
102893,IEV,1.776,0.01,FALSE,0.8076,0.45,Do
103627,IEV,2.3037,0.43,TRUE,1.5738,0.43,Do
103946,SiemensNexas,2.2321,0.46,TRUE,0.151,0.33,Do
104242,HCMT,1.7816,0.02,FALSE,0.9521,0.23,DoNot
102149,IEV,2.5268,0.56,TRUE,0.0628,0.35,Do
106609,HCMT,2.6106,0.58,TRUE,0.1278,0.19,DoNot
108180,XTrapolis125,2.0976,0.4,TRUE,1.2406,0.32,Do
106592,HCMT,2.0829,0.3,TRUE,0.9253,0.46,Do
108278,XTrapolis137,2.4818,0.55,TRUE,0.9272,0.32,Do
106441,HCMT,1.8742,0.03,FALSE,0.5621,0.44,Do
105250,HCMT,1.8197,0.04,FALSE,0.5699,0.36,Do
104882,HCMT,2.5709,0.52,TRUE,0.8968,0.28,DoNot
101555,Sprinter,2.2792,0.44,TRUE,0.8678,0.19,DoNot
102677,IEV,2.116,0.31,TRUE,1.166,0.49,Do
105720,HCMT,2.1503,0.31,TRUE,1.6487,0.45,Do
103408,IEV,2.1766,0.34,TRUE,0.5745,0.24,DoNot
105268,HCMT,1.6824,0.02,FALSE,0.206,0.31,Do
107184,HCMT,2.2821,0.42,TRUE,1.6843,0.32,Do
106178,HCMT,2.6479,0.58,TRUE,1.275,0.07,DoNot
101598,Sprinter,2.1711,0.39,TRUE,1.5693,0.22,DoNot
104928,HCMT,1.8416,0.05,FALSE,0.8658,0.27,DoNot
108961,Comeng,2.119,0.4,TRUE,0.6248,0.46,Do
109478,Comeng,2.6677,0.55,TRUE,1.7243,0.3,DoNot
107828,HCMT,2.3967,0.45,TRUE,0.77,0.49,Do
105498,HCMT,1.9344,0.11,FALSE,0.3563,0.43,Do
104011,SiemensNexas,2.0695,0.31,TRUE,1.6816,0.42,Do
100376,Sprinter,2.5377,0.54,TRUE,0.6173,0.23,DoNot
104487,HCMT,1.9011,0.13,FALSE,0.19,0.45,Do
109891,Comeng,2.0735,0.33,TRUE,0.2496,0.45,Do
100034,Sprinter,2.6945,0.51,TRUE,0.1397,0.4,Do
108150,XTrapolis123,2.1369,0.4,TRUE,0.5571,0.46,Do
104008,SiemensNexas,2.1912,0.38,TRUE,0.9073,0.34,Do
102929,IEV,2.3212,0.41,TRUE,0.402,0.4,Do
103694,IEV,1.6082,0.01,FALSE,0.4964,0.47,Do
108845,Comeng,2.1214,0.35,TRUE,0.1962,0.32,Do
106143,HCMT,2.2032,0.42,TRUE,0.4278,0.22,DoNot
105179,HCMT,2.2878,0.47,TRUE,1.5436,0.21,DoNot
105408,HCMT,1.9441,0.18,FALSE,0.7689,0.48,Do
103253,IEV,2.2188,0.4,TRUE,0.3619,0.17,DoNot
108513,XTrapolis156,2.5672,0.57,TRUE,1.2837,0.47,Do
102892,IEV,2.428,0.48,TRUE,0.801,0.08,DoNot
104923,HCMT,1.8033,0.07,FALSE,1.2593,0.29,DoNot
104513,HCMT,2.5416,0.54,TRUE,0.8254,0.5,Do
104079,SiemensNexas,2.073,0.39,TRUE,1.3647,0.16,DoNot
106038,HCMT,2.6006,0.58,TRUE,1.036,0.48,Do
105719,HCMT,1.9442,0.12,FALSE,0.4546,0.23,DoNot
109895,Comeng,2.2105,0.42,TRUE,1.2951,0.27,DoNot
106483,HCMT,2.308,0.49,TRUE,1.2028,0.49,Do
102539,IEV,1.9038,0.19,FALSE,1.5987,0.4,Do
106886,HCMT,2.3194,0.48,TRUE,0.4318,0.27,DoNot
102252,IEV,1.696,0.01,FALSE,1.05,0.22,DoNot
106819,HCMT,2.0857,0.32,TRUE,0.3779,0.47,Do
105664,HCMT,2.1888,0.32,TRUE,1.4089,0.2,DoNot
105197,HCMT,2.4605,0.56,TRUE,1.4448,0.47,Do
109257,Comeng,1.7424,0.01,FALSE,1.418,0.22,DoNot
103425,IEV,2.21,0.42,TRUE,1.3014,0.27,DoNot
101079,Sprinter,2.0699,0.37,TRUE,1.6867,0.49,Do
106964,HCMT,2.7222,0.6,TRUE,1.172,0.1,DoNot
103969,SiemensNexas,2.4214,0.46,TRUE,1.3679,0.28,DoNot
107800,HCMT,2.3452,0.44,TRUE,0.3253,0.46,Do
103910,SiemensNexas,2.2188,0.43,TRUE,1.4061,0.36,Do
102816,IEV,1.9767,0.15,FALSE,1.7784,0.39,Do
103380,IEV,1.8906,0.07,FALSE,0.6889,0.29,DoNot
100596,Sprinter,2.5146,0.51,TRUE,0.8274,0.49,Do
101710,Sprinter,2.6175,0.5,TRUE,0.7581,0.46,Do
109475,Comeng,2.4533,0.59,TRUE,0.7456,0.05,DoNot
106344,HCMT,2.5425,0.6,TRUE,0.7955,0.13,DoNot
103441,IEV,2.0224,0.36,TRUE,0.734,0.44,Do
105697,HCMT,2.5357,0.54,TRUE,1.0313,0.1,DoNot
108516,XTrapolis157,1.9059,0.11,FALSE,1.7568,0.27,DoNot
104483,HCMT,2.3755,0.41,TRUE,1.5307,0.27,DoNot
101135,Sprinter,2.7099,0.51,TRUE,0.5435,0.46,Do
100027,Sprinter,2.0231,0.38,TRUE,1.3845,0.27,DoNot
102375,IEV,1.6417,0.01,FALSE,0.4226,0.25,DoNot
105873,HCMT,2.3873,0.43,TRUE,0.2118,0.42,Do
100807,Sprinter,2.1881,0.34,TRUE,0.1962,0.45,Do
101678,Sprinter,2.0457,0.33,TRUE,0.0396,0.26,DoNot
107870,HCMT,2.0115,0.32,TRUE,0.1002,0.47,Do
103114,IEV,2.1248,0.38,TRUE,0.4397,0.27,DoNot
106491,HCMT,1.6695,0.01,FALSE,0.3593,0.37,Do
100492,Sprinter,2.3737,0.46,TRUE,1.6305,0.42,Do
102631,IEV,1.6657,0.01,FALSE,0.6217,0.39,Do
105587,HCMT,2.4051,0.41,TRUE,1.695,0.47,Do
109485,Comeng,2.2597,0.45,TRUE,0.6784,0.21,DoNot
100500,Sprinter,1.6718,0.01,FALSE,1.5455,0.27,DoNot
103979,SiemensNexas,2.6024,0.55,TRUE,0.6889,0.26,DoNot
102320,IEV,2.7271,0.55,TRUE,1.6491,0.24,DoNot
108860,Comeng,1.6817,0.02,FALSE,1.7021,0.47,Do
104374,HCMT,2.305,0.46,TRUE,0.2277,0.45,Do
106857,HCMT,2.4153,0.45,TRUE,0.2494,0.45,Do
109525,Comeng,2.0949,0.3,TRUE,1.6621,0.35,Do
103326,IEV,1.6224,0.02,FALSE,0.4181,0.41,Do
108062,XTrapolis116,2.0407,0.37,TRUE,0.6852,0.45,Do
108562,Comeng,2.026,0.34,TRUE,1.1299,0.24,DoNot
105205,HCMT,2.0169,0.32,TRUE,1.0612,0.45,Do
105263,HCMT,1.6579,0.02,FALSE,1.0429,0.46,Do
102431,IEV,1.6653,0.01,FALSE,1.6613,0.3,DoNot
101493,Sprinter,2.0481,0.34,TRUE,0.4846,0.5,Do
106897,HCMT,2.2581,0.49,TRUE,0.9605,0.45,Do
100942,Sprinter,1.606,0.02,FALSE,1.1618,0.47,Do
100325,Sprinter,2.2143,0.41,TRUE,0.1728,0.48,Do
109758,Comeng,1.8539,0.03,FALSE,1.6923,0.5,Do
102754,IEV,1.6961,0.02,FALSE,0.951,0.47,Do
109224,Comeng,2.6133,0.57,TRUE,0.2316,0.41,Do
104544,HCMT,2.7123,0.58,TRUE,0.4953,0.42,Do
107341,HCMT,2.3104,0.41,TRUE,0.3725,0.27,DoNot
101414,Sprinter,2.0117,0.35,TRUE,0.9512,0.26,DoNot
108672,Comeng,2.2216,0.47,TRUE,1.6374,0.26,DoNot
107774,HCMT,2.0392,0.32,TRUE,1.47,0.42,Do
103997,SiemensNexas,2.589,0.59,TRUE,0.9525,0.32,Do
108762,Comeng,2.4714,0.5,TRUE,1.0334,0.44,Do
107721,HCMT,2.6404,0.58,TRUE,1.3667,0.3,DoNot
107203,HCMT,2.3539,0.5,TRUE,0.48,0.44,Do
103592,IEV,2.3616,0.42,TRUE,0.9808,0.34,Do
106530,HCMT,1.7879,0.02,FALSE,0.6878,0.43,Do
108263,XTrapolis134,2.1566,0.3,TRUE,1.1533,0.08,DoNot
100363,Sprinter,2.2889,0.41,TRUE,1.134,0.46,Do
107597,HCMT,2.4633,0.56,TRUE,0.3282,0.3,DoNot
100161,Sprinter,1.7801,0.02,FALSE,0.0617,0.15,DoNot
103248,IEV,1.8858,0.04,FALSE,0.0166,0.36,Do
102293,IEV,1.8737,0.03,FALSE,1.3306,0.46,Do
109838,Comeng,1.7433,0.01,FALSE,0.841,0.47,Do
105369,HCMT,2.5866,0.53,TRUE,1.6932,0.46,Do
108002,XTrapolis107,1.9821,0.14,FALSE,0.8051,0.45,Do
106779,HCMT,2.613,0.53,TRUE,0.7563,0.43,Do
103753,IEV,2.0904,0.3,TRUE,0.4482,0.48,Do
108190,XTrapolis127,2.0116,0.4,TRUE,0.815,0.46,Do
103089,IEV,1.742,0.02,FALSE,1.238,0.46,Do
104057,SiemensNexas,1.9223,0.11,FALSE,0.4418,0.5,Do
105475,HCMT,2.4365,0.46,TRUE,0.081,0.43,Do
106708,HCMT,2.1544,0.35,TRUE,1.0063,0.43,Do
107372,HCMT,2.0697,0.31,TRUE,0.3526,0.46,Do
108310,XTrapolis143,1.8147,0.05,FALSE,1.7301,0.31,Do
100756,Sprinter,2.6688,0.53,TRUE,0.7819,0.36,Do
107561,HCMT,1.8748,0.04,FALSE,0.3736,0.07,DoNot
109590,Comeng,2.3358,0.44,TRUE,1.6967,0.47,Do
106813,HCMT,2.476,0.53,TRUE,0.7982,0.09,DoNot
106368,HCMT,2.2046,0.43,TRUE,0.48,0.43,Do
101143,Sprinter,1.848,0.07,FALSE,1.579,0.45,Do
100006,Sprinter,1.6826,0.02,FALSE,0.6557,0.23,DoNot
107109,HCMT,2.2072,0.49,TRUE,1.4877,0.26,DoNot
107306,HCMT,2.4771,0.53,TRUE,0.6633,0.45,Do
103825,IEV,1.8168,0.03,FALSE,0.3332,0.06,DoNot
103560,IEV,1.8074,0.09,FALSE,0.4742,0.45,Do
101738,Sprinter,2.5939,0.54,TRUE,0.7125,0.39,Do
103749,IEV,2.2045,0.48,TRUE,0.5441,0.31,Do
105208,HCMT,2.0688,0.31,TRUE,0.729,0.41,Do
100958,Sprinter,2.376,0.5,TRUE,1.7681,0.4,Do
101706,Sprinter,2.6546,0.59,TRUE,1.0889,0.43,Do
105724,HCMT,1.7306,0.02,FALSE,1.3699,0.43,Do
100085,Sprinter,1.8202,0.03,FALSE,0.6804,0.33,Do
104260,HCMT,2.7099,0.58,TRUE,1.5804,0.46,Do
101456,Sprinter,1.9873,0.18,FALSE,1.6178,0.23,DoNot
109478,Comeng,2.0952,0.37,TRUE,0.3109,0.39,Do
101315,Sprinter,2.1598,0.36,TRUE,0.832,0.39,Do
100509,Sprinter,1.9692,0.11,FALSE,0.8079,0.45,Do
108666,Comeng,2.5416,0.55,TRUE,0.4061,0.43,Do
101853,Sprinter,1.9758,0.13,FALSE,0.5984,0.44,Do
100504,Sprinter,1.8459,0.07,FALSE,1.3676,0.43,Do
100753,Sprinter,2.04,0.39,TRUE,1.7421,0.32,Do
109431,Comeng,2.6424,0.5,TRUE,1.2511,0.25,DoNot
105004,HCMT,2.1008,0.33,TRUE,0.7835,0.31,Do
100536,Sprinter,1.8923,0.05,FALSE,0.8964,0.45,Do
104032,SiemensNexas,2.5611,0.53,TRUE,1.3268,0.24,DoNot
107069,HCMT,2.6182,0.59,TRUE,0.0105,0.37,Do
103738,IEV,1.6494,0.02,FALSE,0.425,0.32,Do
108147,XTrapolis122,1.7426,0.01,FALSE,0.2223,0.34,Do
105292,HCMT,2.668,0.55,TRUE,1.4151,0.46,Do
106837,HCMT,2.2432,0.41,TRUE,0.796,0.24,DoNot
109883,Comeng,2.3483,0.44,TRUE,1.2755,0.23,DoNot
104856,HCMT,1.9119,0.19,FALSE,1.7446,0.43,Do
100049,Sprinter,1.9995,0.18,FALSE,0.0875,0.46,Do
104534,HCMT,2.6243,0.52,TRUE,1.2259,0.05,DoNot
108857,Comeng,2.6277,0.5,TRUE,0.087,0.49,Do
109561,Comeng,2.5091,0.56,TRUE,0.7291,0.47,Do
104594,HCMT,2.0223,0.38,TRUE,0.6645,0.46,Do
102981,IEV,2.3206,0.44,TRUE,0.4342,0.04,DoNot
108904,Comeng,2.1903,0.36,TRUE,0.4993,0.04,DoNot
101579,Sprinter,2.329,0.4,TRUE,0.6114,0.47,Do
100593,Sprinter,1.6969,0.02,FALSE,1.3041,0.28,DoNot
108262,XTrapolis133,2.1004,0.33,TRUE,0.3477,0.22,DoNot
NULL,IEV,2.4601,0.58,NULL,0.3477,0.22,DoNot
107856,HCMT,2.558,NA,TRUE,1.3015,0.43,Do
109339,Comeng,2.7359,0.6,TRUE,1.3095,0.2,DoNot
104052,SiemensNexas,2.1297,0.32,TRUE,0.8184,0.43,Do
109013,Comeng,1.8599,0.05,FALSE,0.1242,0.23,DoNot
107922,HCMT,2.6477,0.59,TRUE,0.2901,0.32,Do
102678,IEV,2.5934,0.59,TRUE,1.0207,0.24,DoNot
103222,IEV,1.8404,0.06,FALSE,0.2182,0.46,Do
105005,HCMT,1.6364,0.01,FALSE,1.1488,0.33,Do
105824,HCMT,2.5097,0.53,TRUE,0.8008,0.27,DoNot
104521,HCMT,2.2077,0.48,TRUE,0.3069,0.44,Do
103496,IEV,2.341,0.45,TRUE,0.0442,0.46,Do
104519,HCMT,2.6013,0.5,TRUE,0.0343,0.25,DoNot
104837,HCMT,2.6619,0.52,TRUE,0.1457,0.38,Do
107086,HCMT,2.2878,0.48,TRUE,0.4692,0.47,Do
101166,Sprinter,2.5837,0.58,TRUE,1.2142,0.48,Do
107144,HCMT,1.751,0.02,FALSE,0.787,0.38,Do
101616,Sprinter,2.663,0.55,TRUE,1.2671,0.28,DoNot
100902,Sprinter,2.2382,0.45,TRUE,0.7193,0.22,DoNot
101310,Sprinter,2.7449,0.57,TRUE,0.0501,0.25,DoNot
101518,Sprinter,1.9763,0.14,FALSE,1.6802,0.21,DoNot
103088,IEV,1.7035,0.02,FALSE,0.3446,0.5,Do
104227,HCMT,2.2227,0.48,TRUE,0.617,0.45,Do
108041,XTrapolis114,NA,0.02,FALSE,1.1621,0.4,Do
104964,HCMT,2.254,0.43,TRUE,0.1118,0.32,Do
108678,Comeng,2.3864,0.47,TRUE,0.0851,0.47,Do
107969,XTrapolis105,1.6355,0.01,FALSE,0.5387,0.46,Do
109915,Comeng,1.8396,0.06,FALSE,0.7979,0.46,Do
102733,IEV,1.6587,0.01,FALSE,1.6382,0.43,Do
104401,HCMT,1.7665,0.01,FALSE,1.2213,0.42,Do
107966,XTrapolis104,1.8299,0.09,FALSE,1.1162,0.32,Do
107417,HCMT,1.6023,0.02,FALSE,1.0639,0.48,Do
101556,Sprinter,1.7413,0.01,FALSE,1.6371,0.23,DoNot
100374,Sprinter,1.91,0.17,FALSE,1.1678,0.5,Do
106476,HCMT,1.7491,0.02,FALSE,0.2739,0.36,Do
103461,IEV,1.9239,0.19,FALSE,1.1914,0.1,DoNot
104033,SiemensNexas,2.2118,0.41,TRUE,1.5206,0.44,Do
103609,IEV,2.4956,0.5,TRUE,0.5101,0.21,DoNot
104551,HCMT,1.9529,0.19,FALSE,0.8553,0.5,Do
102747,IEV,1.9906,0.11,FALSE,1.1942,0.2,DoNot
108536,Comeng,2.4327,0.43,TRUE,0.9539,0.21,DoNot
108202,XTrapolis130,2.4482,0.49,TRUE,1.1924,0.23,DoNot
101265,Sprinter,2.3807,0.44,TRUE,0.8908,0.44,Do
102264,IEV,2.7391,0.55,TRUE,1.2106,0.23,DoNot
100601,Sprinter,1.9196,0.18,FALSE,1.4586,0.26,DoNot
101008,Sprinter,1.808,0.07,FALSE,0.5186,0.38,Do
106340,HCMT,1.8567,0.03,FALSE,1.0357,0.45,Do
106139,HCMT,2.4557,0.5,TRUE,1.1004,0.21,DoNot
104251,HCMT,2.2844,0.49,TRUE,1.4188,0.4,Do
100790,Sprinter,1.6715,0.02,FALSE,0.2347,0.21,DoNot
101539,Sprinter,1.6913,0.01,FALSE,0.0497,0.42,Do
102778,IEV,1.614,0.02,FALSE,0.1297,0.46,Do
100376,Sprinter,1.8375,0.04,FALSE,1.7737,0.46,Do
108660,Comeng,2.1011,0.37,TRUE,0.7561,0.49,Do
109145,Comeng,2.038,0.4,TRUE,1.7423,0.49,Do
105451,HCMT,2.3595,0.5,TRUE,1.6196,0.12,DoNot
103157,IEV,2.1483,0.37,TRUE,1.5646,0.42,Do
105186,HCMT,1.6969,0.01,FALSE,1.4074,0.38,Do
106651,HCMT,2.6935,0.5,TRUE,0.2829,0.32,Do
108266,XTrapolis135,2.6166,0.52,TRUE,1.4576,0.38,Do
107381,HCMT,1.951,0.19,FALSE,1.4294,0.46,Do
103373,IEV,2.6289,0.54,TRUE,0.6406,0.46,Do
109391,Comeng,2.6662,0.55,TRUE,0.5863,0.5,Do
109907,Comeng,2.0334,0.31,TRUE,0.613,0.31,Do
100934,Sprinter,2.0961,0.38,TRUE,1.5712,0.4,Do
104369,HCMT,1.8271,0.05,FALSE,1.4351,0.47,Do
103329,IEV,2.5114,0.5,TRUE,1.757,0.32,Do
104893,HCMT,2.4286,0.42,TRUE,0.9135,0.47,Do
103100,IEV,1.6777,0.02,FALSE,1.3199,0.47,Do
109938,Comeng,2.072,0.33,TRUE,1.1277,0.38,Do
100302,Sprinter,1.7824,0.02,FALSE,1.5866,0.48,Do
105486,HCMT,1.9904,0.14,FALSE,1.4344,0.15,DoNot
106852,HCMT,2.355,0.49,TRUE,0.4898,0.47,Do
103848,IEV,2.4412,0.49,TRUE,1.0479,0.23,DoNot
100742,Sprinter,2.6638,0.57,TRUE,1.7206,0.43,Do
109558,Comeng,1.8201,0.06,FALSE,1.3375,0.42,Do
102911,IEV,2.2861,0.4,TRUE,0.9762,0.47,Do
109928,Comeng,1.7204,0.02,FALSE,1.3529,0.39,Do
105372,HCMT,2.7126,0.52,TRUE,1.0418,0.08,DoNot
107709,HCMT,1.7865,0.02,FALSE,0.565,0.15,DoNot
104365,HCMT,2.1978,0.31,TRUE,0.5356,0.48,Do
108412,XTrapolis149,2.2919,0.45,TRUE,0.5712,0.43,Do
103334,IEV,2.3738,0.48,TRUE,1.5898,0.49,Do
108497,XTrapolis155,2.5365,0.57,TRUE,0.1887,0.47,Do
100052,Sprinter,1.8428,0.03,FALSE,1.4027,0.35,Do
100246,Sprinter,1.7654,0.02,FALSE,1.7548,0.19,DoNot
105864,HCMT,2.366,0.47,TRUE,0.116,0.44,Do
108480,XTrapolis152,2.0571,0.3,TRUE,0.6198,0.47,Do
102045,Sprinter,1.7762,0.02,FALSE,0.036,0.44,Do
103330,IEV,1.7294,0.02,FALSE,1.5892,0.45,Do
103679,IEV,2.304,0.43,TRUE,0.792,0.48,Do
107692,HCMT,2.4589,0.54,TRUE,1.2125,0.25,DoNot
101500,Sprinter,2.1595,0.35,TRUE,1.4866,0.4,Do
102488,IEV,2.3688,0.49,TRUE,0.3808,0.46,Do
102155,IEV,1.844,0.05,FALSE,1.5435,0.46,Do
102436,IEV,2.0143,0.38,TRUE,0.5037,0.43,Do
102584,IEV,1.8848,0.07,FALSE,0.7092,0.45,Do
109352,Comeng,2.1564,0.33,TRUE,0.8882,0.14,DoNot
105693,HCMT,1.9199,0.11,FALSE,0.104,0.43,Do
103421,IEV,2.5658,0.51,TRUE,0.9216,0.28,DoNot
103150,IEV,2.2279,0.42,TRUE,0.0774,0.33,Do
101282,Sprinter,2.3789,0.46,TRUE,1.7519,0.42,Do
100531,Sprinter,1.8087,0.02,FALSE,1.6026,0.27,DoNot
101118,Sprinter,2.6293,0.5,TRUE,1.3454,0.47,Do
100807,Sprinter,2.4688,0.58,TRUE,0.2067,0.21,DoNot
102875,IEV,2.4214,0.47,TRUE,0.4208,0.46,Do
107915,HCMT,2.4777,0.5,TRUE,0.8443,0.22,DoNot
100221,Sprinter,2.4755,0.53,TRUE,0.8202,0.45,Do
107900,HCMT,2.2156,0.49,TRUE,1.5986,0.45,Do
106868,HCMT,1.7477,0.02,FALSE,0.4075,0.37,Do
104093,HCMT,2.3978,0.45,TRUE,0.6297,0.44,Do
106345,HCMT,2.3579,0.47,TRUE,0.0095,0.48,Do
107516,HCMT,2.7252,0.55,TRUE,0.4455,0.36,Do
109328,Comeng,2.5047,0.57,TRUE,1.0021,0.44,Do
105680,HCMT,1.6644,0.02,FALSE,0.5302,0.28,DoNot
105576,HCMT,2.1332,0.32,TRUE,0.5325,0.24,DoNot
101730,Sprinter,2.5441,0.52,TRUE,1.1145,0.45,Do
104931,HCMT,2.1374,0.35,TRUE,1.5941,0.3,DoNot
107021,HCMT,2.2606,0.49,TRUE,1.663,0.26,DoNot
108741,Comeng,2.5195,0.51,TRUE,0.092,0.19,DoNot
102415,IEV,2.6818,0.51,TRUE,0.2238,0.35,Do
109708,Comeng,1.9358,0.17,FALSE,0.1106,0.35,Do
102123,IEV,1.9961,0.18,FALSE,0.9772,0.46,Do
109749,Comeng,1.6707,0.02,FALSE,1.1248,0.06,DoNot
105847,HCMT,2.6361,0.58,TRUE,1.5931,0.41,Do
103908,SiemensNexas,1.6108,0.01,FALSE,1.0663,0.42,Do
108969,Comeng,2.4358,0.4,TRUE,0.6749,0.49,Do
105596,HCMT,2.0245,0.34,TRUE,1.7644,0.35,Do
109954,Comeng,1.7099,0.01,FALSE,0.6207,0.41,Do
107697,HCMT,2.3455,0.42,TRUE,0.0427,0.21,DoNot
100840,Sprinter,1.6551,0.01,FALSE,1.46,0.44,Do
101738,Sprinter,1.8105,0.04,FALSE,0.7753,0.34,Do
108305,XTrapolis142,2.4568,0.51,TRUE,1.5234,0.27,DoNot
106910,HCMT,2.6649,0.55,TRUE,1.3846,0.02,DoNot
106328,HCMT,2.6049,0.59,TRUE,0.2774,0.5,Do
106234,HCMT,2.5004,0.55,TRUE,0.1799,0.44,Do
103808,IEV,1.9003,0.15,FALSE,0.5466,0.47,Do
106059,HCMT,2.5275,0.54,TRUE,1.0783,0.37,Do
102636,IEV,1.9372,0.18,FALSE,0.8554,0.44,Do
102503,IEV,2.6116,0.56,TRUE,0.8195,0.43,Do
108519,XTrapolis158,2.7425,0.51,TRUE,0.6715,0.44,Do
107491,HCMT,2.5807,0.59,TRUE,1.73,0.44,Do
103650,IEV,1.851,0.07,FALSE,0.8706,0.21,DoNot
104483,HCMT,2.218,0.46,TRUE,1.7249,0.5,Do
107376,HCMT,2.6524,0.52,TRUE,0.3143,0.43,Do
102369,IEV,2.3985,0.45,TRUE,0.3164,0.33,Do
105608,HCMT,1.8142,0.06,FALSE,1.6472,0.32,Do
105496,HCMT,2.213,0.45,TRUE,0.721,0.48,Do
109735,Comeng,2.0192,0.4,TRUE,1.6127,0.35,Do
105672,HCMT,2.3317,0.42,TRUE,1.6209,0.43,Do
101136,Sprinter,2.6513,0.58,TRUE,0.4514,0.46,Do
100221,Sprinter,2.1469,0.38,TRUE,1.547,0.45,Do
102196,IEV,2.7431,0.54,TRUE,0.8113,0.47,Do
109064,Comeng,2.0667,0.38,TRUE,0.5483,0.42,Do
107666,HCMT,2.5354,0.53,TRUE,0.1741,0.43,Do
106625,HCMT,2.6114,0.57,TRUE,0.3092,0.34,Do
106802,HCMT,2.5718,0.53,TRUE,0.7293,0.39,Do
108107,XTrapolis121,2.5148,0.59,TRUE,1.1778,0.29,DoNot
101695,Sprinter,1.6921,0.01,FALSE,1.0659,0.49,Do
106065,HCMT,2.3069,0.42,TRUE,0.8842,0.37,Do
100022,Sprinter,2.5808,0.51,TRUE,1.73,0.23,DoNot
105055,HCMT,1.7743,0.01,FALSE,0.0776,0.34,Do
105597,HCMT,1.9005,0.15,FALSE,0.7443,0.38,Do
103777,IEV,2.0713,0.37,TRUE,0.4119,0.49,Do
109850,Comeng,1.7796,0.02,FALSE,1.251,0.27,DoNot
102225,IEV,2.0106,0.36,TRUE,0.3463,0.47,Do
100669,Sprinter,2.2463,0.43,TRUE,0.2675,0.41,Do
101086,Sprinter,1.7724,0.02,FALSE,0.3298,0.29,DoNot
105654,HCMT,2.4607,0.58,TRUE,0.5731,0.49,Do
103562,IEV,2.5327,0.57,TRUE,0.057,0.44,Do
104471,HCMT,2.2249,0.46,TRUE,0.6218,0.44,Do
106087,HCMT,1.9899,0.15,FALSE,0.4146,0.22,DoNot
103870,IEV,1.888,0.07,FALSE,0.6865,0.44,Do
105426,HCMT,2.5172,0.53,TRUE,1.6838,0.48,Do
107323,HCMT,1.6084,0.01,FALSE,1.5129,0.44,Do
109388,Comeng,1.7711,0.02,FALSE,0.8196,0.46,Do
105032,HCMT,1.8949,0.03,FALSE,1.67,0.42,Do
107010,HCMT,2.2327,0.45,TRUE,0.7394,0.46,Do
104950,HCMT,2.5643,0.57,TRUE,0.9415,0.48,Do
106743,HCMT,2.168,0.37,TRUE,0.8998,0.34,Do
102820,IEV,1.9316,0.17,FALSE,1.3814,0.4,Do
101923,Sprinter,2.3492,0.48,TRUE,0.8794,0.31,Do
102178,IEV,2.3601,0.42,TRUE,0.5993,0.45,Do
102854,IEV,1.8679,0.06,FALSE,0.3267,0.48,Do
101138,Sprinter,2.1965,0.36,TRUE,0.3164,0.2,DoNot
100904,Sprinter,1.6911,0.01,FALSE,0.6383,0.26,DoNot
103467,IEV,1.8184,0.08,FALSE,0.4339,0.41,Do
106642,HCMT,2.5213,0.56,TRUE,0.5965,0.46,Do
107624,HCMT,2.1099,0.36,TRUE,1.1469,0.44,Do
105185,HCMT,2.2486,0.48,TRUE,0.4913,0.46,Do
103044,IEV,1.7442,0.01,FALSE,0.1219,0.35,Do
100338,Sprinter,1.6447,0.02,FALSE,0.2181,0.24,DoNot
108962,Comeng,1.9579,0.11,FALSE,1.2241,0.44,Do
102118,IEV,2.6394,0.56,TRUE,1.4921,0.32,Do
102764,IEV,2.2475,0.49,TRUE,0.5352,0.45,Do
107813,HCMT,2.4312,0.44,TRUE,1.0039,0.46,Do
103845,IEV,1.7007,0.01,FALSE,0.5998,0.41,Do
106137,HCMT,1.8145,0.03,FALSE,1.2151,0.2,DoNot
100307,Sprinter,1.9,0.11,FALSE,0.9399,0.32,Do
106242,HCMT,1.6812,0.02,FALSE,0.9681,0.42,Do
103049,IEV,1.6613,0.01,FALSE,1.14,0.26,DoNot
108371,XTrapolis146,2.2557,0.43,TRUE,1.3386,0.45,Do
103519,IEV,2.556,0.53,TRUE,0.0146,0.31,Do
105677,HCMT,1.7427,0.02,FALSE,1.3335,0.45,Do
104838,HCMT,2.3365,0.43,TRUE,1.2825,0.45,Do
100773,Sprinter,2.2806,0.45,TRUE,0.6063,0.27,DoNot
100171,Sprinter,1.8936,0.07,FALSE,0.0216,0.14,DoNot
104871,HCMT,2.6981,0.6,TRUE,0.1526,0.44,Do
104850,HCMT,1.9035,0.13,FALSE,1.3142,0.37,Do
107168,HCMT,1.7199,0.01,FALSE,0.7598,0.47,Do
101341,Sprinter,1.817,0.03,FALSE,1.6117,0.24,DoNot
108767,Comeng,1.9444,0.17,FALSE,0.5891,0.25,DoNot
